"id","code","name","parent_id/id"
"cat_dk003_root","","Класифікатор професій",""
"cat_1","1","Законодавці, вищі державні службовці, керівники, менеджери (управителі)","cat_dk003_root"
"cat_11","11","Законодавці, вищі державні службовці, вищі посадові особи громадських і самоврядувальних організацій","cat_1"
"cat_111","111","Законодавці","cat_11"
"cat_1110","1110","Законодавці","cat_111"
"cat_112","112","Вищі посадові особи державних органів влади","cat_11"
"cat_1120","1120","Вищі посадові особи державних органів влади","cat_112"
"cat_1120_1","1120.1","Вищі посадові особи органів державної виконавчої влади","cat_1120"
"cat_1120_2","1120.2","Вищі посадові особи місцевих органів державної влади","cat_1120"
"cat_1120_3","1120.3","Дипломатичні представники","cat_1120"
"cat_1120_4","1120.4","Вищі посадові особи органів судової влади","cat_1120"
"cat_1120_5","1120.5","Вищі посадові особи державних колегіальних органів","cat_1120"
"cat_114","114","Вищі посадові особи громадських і самоврядувальних організацій та керівники релігійних організацій","cat_11"
"cat_1141","1141","Вищі посадові особи політичних організацій","cat_114"
"cat_1141_1","1141.1","Вищі посадові особи політичних партій","cat_1141"
"cat_1142","1142","Вищі посадові особи організацій наймачів і професійних спілок","cat_114"
"cat_1142_1","1142.1","Вищі посадові особи професійних спілок","cat_1142"
"cat_1143","1143","Вищі посадові особи академій наук і громадських організацій в соціально-культурній сфері","cat_114"
"cat_1144","1144","Керівники релігійних організацій","cat_114"
"cat_1143_1","1143.1","Вищі посадові особи національних академій, що діють на засадах самоврядування","cat_1143"
"cat_1143_2","1143.2","Вищі посадові особи інших самоврядувальних організацій","cat_1143"
"cat_1143_3","1143.3","Вищі посадові особи академій, що діють на громадських засадах","cat_1143"
"cat_1143_4","1143.4","Вищі посадові особи інших громадських організацій в соціально-культурній сфері","cat_1143"
"cat_1143_5","1143.5","Вищі посадові особи органів місцевого самоврядування","cat_1143"
"cat_1144_1","1144.1","Керівники релігійних організацій (об’єднань)","cat_1144"
"cat_1144_2","1144.2","Керівники територіальних релігійних організацій (управлінь, організацій)","cat_1144"
"cat_1144_3","1144.3","Керівники релігійних громад","cat_1144"
"cat_12","12","Керівники підприємств, установ та організацій","cat_1"
"cat_121","121","Керівники підприємств, установ та організацій","cat_12"
"cat_1210","1210","Керівники підприємств, установ та організацій","cat_121"
"cat_1210_1","1210.1","Керівники підприємств, установ та організацій","cat_1210"
"cat_122","122","Керівники виробничих та інших основних підрозділів","cat_12"
"cat_1221","1221","Керівники виробничих підрозділів у сільському, лісовому та водному господарствах, у риборозведенні, рибальстві та природно-заповідній справі","cat_122"
"cat_1221_1","1221.1","Головні фахівці - керівники виробничих підрозділів у сільському, лісовому та водному господарствах, у риборозведенні, рибальстві та природно-заповідній справі","cat_1221"
"cat_1221_2","1221.2","Начальники (інші керівники) та майстри виробничих підрозділів у сільському, лісовому та водному господарствах, у риборозведенні, рибальстві та природно-заповідній справі","cat_1221"
"cat_1222","1222","Керівники виробничих підрозділів у промисловості","cat_122"
"cat_1222_1","1222.1","Головні фахівці - керівники та технічні керівники виробничих підрозділів у промисловості","cat_1222"
"cat_1222_2","1222.2","Начальники (інші керівники) та майстри виробничих дільниць (підрозділів) у промисловості","cat_1222"
"cat_1223","1223","Керівники виробничих підрозділів у будівництві","cat_122"
"cat_1223_1","1223.1","Головні фахівці - керівники виробничих підрозділів у будівництві","cat_1223"
"cat_1223_2","1223.2","Начальники (інші керівники) та майстри дільниць (підрозділів) у будівництві","cat_1223"
"cat_1224","1224","Керівники виробничих підрозділів в оптовій та роздрібній торгівлі","cat_122"
"cat_1225","1225","Керівники виробничих підрозділів у закладах ресторанного господарства, готелях та інших місцях розміщення","cat_122"
"cat_1226","1226","Керівники виробничих підрозділів на транспорті, в складському господарстві та зв'язку","cat_122"
"cat_1226_1","1226.1","Головні фахівці - керівники виробничих підрозділів на транспорті, в складському господарстві та зв'язку","cat_1226"
"cat_1226_2","1226.2","Начальники (інші керівники) та майстри виробничих підрозділів на транспорті, в складському господарстві та зв'язку","cat_1226"
"cat_1227","1227","Керівники виробничих підрозділів у комерційному обслуговуванні","cat_122"
"cat_1228","1228","Керівники виробничих підрозділів у побутовому обслуговуванні","cat_122"
"cat_1229","1229","Керівники інших основних підрозділів","cat_122"
"cat_1229_1","1229.1","Керівні працівники апарату центральних органів державної влади","cat_1229"
"cat_1229_2","1229.2","Керівні працівники апарату органів судової влади","cat_1229"
"cat_1229_3","1229.3","Керівні працівники апарату місцевих органів державної влади та місцевого самоврядування","cat_1229"
"cat_1229_4","1229.4","Керівники підрозділів у сфері освіти та виробничого навчання","cat_1229"
"cat_1229_5","1229.5","Керівники підрозділів в охороні здоров'я","cat_1229"
"cat_1229_6","1229.6","Керівники підрозділів у сфері культури, відпочинку та спорту","cat_1229"
"cat_1229_7","1229.7","Керівники інших основних підрозділів в інших сферах діяльності","cat_1229"
"cat_1229_8","1229.8","Керівні працівники митних органів","cat_1229"
"cat_123","123","Керівники функціональних підрозділів","cat_12"
"cat_1231","1231","Керівники фінансових, бухгалтерських, економічних, юридичних та адміністративних підрозділів та інші керівники","cat_123"
"cat_1232","1232","Керівники підрозділів кадрів і соціально-трудових відносин","cat_123"
"cat_1233","1233","Керівники підрозділів маркетингу","cat_123"
"cat_1234","1234","Керівники підрозділів з реклами та зв'язків з громадськістю","cat_123"
"cat_1235","1235","Керівники підрозділів матеріально-технічного постачання","cat_123"
"cat_1236","1236","Керівники підрозділів комп'ютерних послуг","cat_123"
"cat_1237","1237","Керівники науково-дослідних підрозділів та підрозділів з науково-технічної підготовки виробництва та інші керівники","cat_123"
"cat_1237_1","1237.1","Головні фахівці - керівники науково-дослідних підрозділів та підрозділів з науково-технічної підготовки виробництва та інші керівники","cat_1237"
"cat_1237_2","1237.2","Начальники (завідувачі) науково-дослідних підрозділів та підрозділів з науково-технічної підготовки виробництва та інші керівники","cat_1237"
"cat_1238","1238","Керівники проектів та програм","cat_123"
"cat_1239","1239","Керівники інших функціональних підрозділів","cat_123"
"cat_13","13","Керівники малих підприємств без апарату управління","cat_1"
"cat_131","131","Керівники малих підприємств без апарату управління","cat_13"
"cat_1311","1311","Керівники малих підприємств без апарату управління в сільському, мисливському, водному господарствах, лісівництві, рибному промислі","cat_131"
"cat_1312","1312","Керівники малих підприємств без апарату управління в промисловості","cat_131"
"cat_1313","1313","Керівники малих підприємств без апарату управління в будівництві","cat_131"
"cat_1314","1314","Керівники малих підприємств без апарату управління в оптовій та роздрібній торгівлі","cat_131"
"cat_1315","1315","Керівники малих підприємств-готелів та закладів ресторанного господарства без апарату управління","cat_131"
"cat_1316","1316","Керівники малих підприємств без апарату управління на транспорті, у складському господарстві та зв'язку","cat_131"
"cat_1317","1317","Керівники малих підприємств без апарату управління в комерційному обслуговуванні","cat_131"
"cat_1318","1318","Керівники малих підприємств без апарату управління в побутовому обслуговуванні","cat_131"
"cat_1319","1319","Керівники інших малих підприємств без апарату управління","cat_131"
"cat_14","14","Менеджери (управителі) підприємств, установ, організацій та їх підрозділів","cat_1"
"cat_141","141","Менеджери (управителі) у сільському, мисливському, лісовому, рибному та водному господарствах","cat_14"
"cat_1411","1411","Менеджери (управителі) у водному господарстві","cat_141"
"cat_1412","1412","Менеджери (управителі) у лісовому господарстві","cat_141"
"cat_142","142","Менеджери (управителі) у добувній промисловості","cat_14"
"cat_143","143","Менеджери (управителі) в обробній промисловості та у виробництві електроенергії, газу та води","cat_14"
"cat_1439","1439","Менеджери (управителі) в інших сферах обробної промисловості та у виробництві електроенергії, газу та води","cat_143"
"cat_1439_8","1439.8","Менеджери (управителі) у виробництві та розподіленні електроенергії","cat_1439"
"cat_144","144","Менеджери (управителі) у будівництві, на транспорті, пошті та зв'язку","cat_14"
"cat_1443","1443","Менеджери (управителі) на транспорті","cat_144"
"cat_1448","1448","Менеджери (управителі) туристичних агентств та бюро подорожей","cat_144"
"cat_1448_1","1448.1","Менеджери (управителі) з організації діяльності туристичних агентств та бюро подорожей","cat_1448"
"cat_145","145","Менеджери (управителі) в торгівлі, готелях та закладах ресторанного господарства","cat_14"
"cat_1451","1451","Менеджери (управителі) у торгівлі транспортними засобами та їх ремонті","cat_145"
"cat_1452","1452","Менеджери (управителі) в оптовій торгівлі та посередництві у торгівлі","cat_145"
"cat_1453","1453","Менеджери (управителі) в роздрібній торгівлі побутовими та непродовольчими товарами та їх ремонті","cat_145"
"cat_1453_1","1453.1","Менеджери (управителі) в роздрібній торгівлі побутовими товарами","cat_1453"
"cat_1453_2","1453.2","Менеджери (управителі) в роздрібній торгівлі непродовольчими товарами","cat_1453"
"cat_1454","1454","Менеджери (управителі) в роздрібній торгівлі продовольчими товарами","cat_145"
"cat_1455","1455","Менеджери (управителі) в готелях та інших місцях розміщення","cat_145"
"cat_1455_1","1455.1","Менеджери (управителі) в готельному господарстві","cat_1455"
"cat_1456","1456","Менеджери (управителі) з організації харчування","cat_145"
"cat_146","146","Менеджери (управителі) у фінансовій діяльності","cat_14"
"cat_1461","1461","Менеджери (управителі) у сфері грошового посередництва","cat_146"
"cat_1462","1462","Менеджери (управителі) у сфері фінансового лізингу","cat_146"
"cat_1463","1463","Менеджери (управителі) у сфері надання кредитів","cat_146"
"cat_1465","1465","Менеджери (управителі) у сфері страхування життя та заощаджень","cat_146"
"cat_1466","1466","Менеджери (управителі) у сфері пенсійного страхування","cat_146"
"cat_1467","1467","Менеджери (управителі) в допоміжній діяльності у сфері фінансів","cat_146"
"cat_1468","1468","Менеджери (управителі) в допоміжній діяльності у сфері страхування","cat_146"
"cat_1469","1469","Менеджери (управителі) в інших видах фінансового посередництва","cat_146"
"cat_147","147","Менеджери (управителі) у сфері операцій з нерухомістю, здавання під найом та послуг юридичним особам","cat_14"
"cat_1471","1471","Менеджери (управителі) у сфері операцій з нерухомістю для третіх осіб","cat_147"
"cat_1472","1472","Менеджери (управителі) у сфері аренди машин та устаткування","cat_147"
"cat_1473","1473","Менеджери (управителі) у сфері надання інформації","cat_147"
"cat_1474","1474","Менеджери (управителі) у сфері досліджень та розробок","cat_147"
"cat_1475","1475","Менеджери (управителі) з права, бухгалтерського обліку, досліджень ринку, вивчення суспільної думки, консультацій з питань комерційної діяльності та управління","cat_147"
"cat_1475_1","1475.1","Менеджери (управителі) з права","cat_1475"
"cat_1475_2","1475.2","Менеджери (управителі) з бухгалтерського обліку","cat_1475"
"cat_1475_3","1475.3","Менеджери (управителі) з дослідження ринку та вивчення суспільної думки","cat_1475"
"cat_1475_4","1475.4","Менеджери (управителі) з питань комерційної діяльності та управління","cat_1475"
"cat_1476","1476","Менеджери (управителі) з архітектури та будівництва, технічного контролю, аналізу та реклами","cat_147"
"cat_1476_1","1476.1","Менеджери (управителі) з реклами","cat_1476"
"cat_1477","1477","Менеджери (управителі) з підбору, забезпечення та використання персоналу","cat_147"
"cat_1477_1","1477.1","Менеджери (управителі) з підбору, забезпечення та використання персоналу","cat_1477"
"cat_1478","1478","Менеджери (управителі) у слідчій діяльності","cat_147"
"cat_1479","1479","Менеджери (управителі) з надання інших послуг юридичним особам","cat_147"
"cat_148","148","Менеджери (управителі) в освіті, охороні здоров'я та соціальній сфері","cat_14"
"cat_1482","1482","Менеджери (управителі) в охороні здоров'я","cat_148"
"cat_1483","1483","Менеджери (управителі) у соціальній сфері","cat_148"
"cat_149","149","Менеджери (управителі) в інших видах економічної діяльності","cat_14"
"cat_1491","1491","Менеджери (управителі) у житлово-комунальному господарстві","cat_149"
"cat_1492","1492","Менеджери (управителі) у сфері культури, відпочинку та спорту","cat_149"
"cat_1493","1493","Менеджери (управителі) систем якості","cat_149"
"cat_1494","1494","Менеджери (управителі) екологічних систем","cat_149"
"cat_1495","1495","Менеджери (управителі) систем з інформаційної безпеки","cat_149"
"cat_1496","1496","Менеджери (управителі) із соціальної та корпоративної відповідальності","cat_149"
"cat_1497","1497","Менеджери (управителі) інформаційних технологій","cat_149"
"cat_1499","1499","Менеджери (управителі) в інших видах економічної діяльності не віднесені до інших угрупувань","cat_149"
"cat_2","2","Професіонали","cat_dk003_root"
"cat_21","21","Професіонали в галузі фізичних, математичних та технічних наук","cat_2"
"cat_211","211","Професіонали в галузі фізики, астрономії, метеорології та хімії","cat_21"
"cat_2111","2111","Професіонали в галузі фізики та астрономії","cat_211"
"cat_2111_1","2111.1","Наукові співробітники (фізика, астрономія)","cat_2111"
"cat_2111_2","2111.2","Фізики та астрономи","cat_2111"
"cat_2112","2112","Професіонали в галузі метеорології","cat_211"
"cat_2112_1","2112.1","Наукові співробітники (метеорологія)","cat_2112"
"cat_2112_2","2112.2","Метеорологи","cat_2112"
"cat_2113","2113","Професіонали в галузі хімії","cat_211"
"cat_2113_1","2113.1","Наукові співробітники (хімія)","cat_2113"
"cat_2113_2","2113.2","Хіміки","cat_2113"
"cat_2114","2114","Професіонали в галузі геології та геофізики","cat_211"
"cat_2114_1","2114.1","Наукові співробітники (геологія, геофізика, гідрологія, геоінформатика)","cat_2114"
"cat_2114_2","2114.2","Геологи та геофізики","cat_2114"
"cat_212","212","Професіонали в галузі математики та статистики","cat_21"
"cat_2121","2121","Професіонали в галузі математики","cat_212"
"cat_2121_1","2121.1","Наукові співробітники (математика)","cat_2121"
"cat_2121_2","2121.2","Математики","cat_2121"
"cat_2122","2122","Професіонали в галузі статистики","cat_212"
"cat_2122_1","2122.1","Наукові співробітники (статистика)","cat_2122"
"cat_2122_2","2122.2","Професіонали-статистики","cat_2122"
"cat_213","213","Професіонали в галузі обчислень (комп'ютеризації)","cat_21"
"cat_2131","2131","Професіонали в галузі обчислювальних систем","cat_213"
"cat_2131_1","2131.1","Наукові співробітники (обчислювальні системи)","cat_2131"
"cat_2131_2","2131.2","Розробники обчислювальних систем","cat_2131"
"cat_2132","2132","Професіонали в галузі програмування","cat_213"
"cat_2132_1","2132.1","Наукові співробітники (програмування)","cat_2132"
"cat_2132_2","2132.2","Розробники комп'ютерних програм","cat_2132"
"cat_2139","2139","Професіонали в інших галузях обчислень (комп'ютеризації)","cat_213"
"cat_2139_1","2139.1","Наукові співробітники (інші галузі обчислень)","cat_2139"
"cat_2139_2","2139.2","Професіонали в інших галузях обчислень","cat_2139"
"cat_214","214","Професіонали в галузі архітектури та інженерної справи","cat_21"
"cat_2141","2141","Професіонали в галузі архітектури та планування міст","cat_214"
"cat_2141_1","2141.1","Наукові співробітники (архітектура, планування міст)","cat_2141"
"cat_2141_2","2141.2","Архітектори та планувальники міст","cat_2141"
"cat_2142","2142","Професіонали в галузі будівництва","cat_214"
"cat_2142_1","2142.1","Наукові співробітники (будівництво)","cat_2142"
"cat_2142_2","2142.2","Інженери в галузі будівництва","cat_2142"
"cat_2143","2143","Професіонали в галузі електротехніки","cat_214"
"cat_2143_1","2143.1","Наукові співробітники (електротехніка)","cat_2143"
"cat_2143_2","2143.2","Інженери-електрики","cat_2143"
"cat_2144","2144","Професіонали в галузі електроніки та електронних комунікацій","cat_214"
"cat_2144_1","2144.1","Наукові співробітники (електроніка, електронні комунікації)","cat_2144"
"cat_2144_2","2144.2","Інженери в галузі електроніки та електронних комунікацій","cat_2144"
"cat_2145","2145","Професіонали в галузі інженерної механіки","cat_214"
"cat_2145_1","2145.1","Наукові співробітники (інженерна механіка)","cat_2145"
"cat_2145_2","2145.2","Інженери-механіки","cat_2145"
"cat_2146","2146","Професіонали в галузі хімічних технологій","cat_214"
"cat_2146_1","2146.1","Наукові співробітники (хімічні технології)","cat_2146"
"cat_2146_2","2146.2","Інженери-хіміки","cat_2146"
"cat_2147","2147","Професіонали в галузі гірництва та металургії","cat_214"
"cat_2147_1","2147.1","Наукові співробітники (гірництво, металургія)","cat_2147"
"cat_2147_2","2147.2","Гірничі інженери та інженери-металурги","cat_2147"
"cat_2148","2148","Професіонали в галузі картографії та топографії","cat_214"
"cat_2148_1","2148.1","Наукові співробітники (картографія, топографія)","cat_2148"
"cat_2148_2","2148.2","Картографи та топографи","cat_2148"
"cat_2149","2149","Професіонали в інших галузях інженерної справи","cat_214"
"cat_2149_1","2149.1","Наукові співробітники (інші галузі інженерної справи)","cat_2149"
"cat_2149_2","2149.2","Інженери (інші галузі інженерної справи)","cat_2149"
"cat_22","22","Професіонали в галузі наук про життя та медичних наук","cat_2"
"cat_221","221","Професіонали в галузі наук про життя та медичних наук","cat_22"
"cat_2211","2211","Біологи, ботаніки, зоологи та професіонали споріднених професій","cat_221"
"cat_2211_1","2211.1","Наукові співробітники (біологія, ботаніка, зоологія та ін.)","cat_2211"
"cat_2211_2","2211.2","Біологи, ботаніки, зоологи та професіонали споріднених професій","cat_2211"
"cat_2212","2212","Професіонали в галузі патології, токсикології, фармакології, фізіології та епідеміології","cat_221"
"cat_2212_1","2212.1","Наукові співробітники (патологія, токсикологія, фармакологія, фізіологія, епідеміологія)","cat_2212"
"cat_2212_2","2212.2","Патологи, токсикологи, фармакологи, фізіологи та епідеміологи","cat_2212"
"cat_2213","2213","Професіонали в агрономії, водному господарстві, зооінженерії, лісівництві, меліорації та природно-заповідній справі","cat_221"
"cat_2213_1","2213.1","Наукові співробітники (агрономія, водне господарство, зооінженерія, лісівництво, меліорація та природно-заповідна справа)","cat_2213"
"cat_2213_2","2213.2","Агрономи, гідротехніки, зооінженери, лісоводи та професіонали споріднених професій","cat_2213"
"cat_222","222","Професіонали в галузі медицини (крім медичних сестер)","cat_22"
"cat_2221","2221","Професіонали в галузі лікувальної справи (крім стоматології)","cat_222"
"cat_2221_1","2221.1","Наукові співробітники (лікувальна справа, крім стоматології)","cat_2221"
"cat_2221_2","2221.2","Лікарі","cat_2221"
"cat_2222","2222","Професіонали в галузі стоматології","cat_222"
"cat_2222_1","2222.1","Наукові співробітники (стоматологія)","cat_2222"
"cat_2222_2","2222.2","Стоматологи","cat_2222"
"cat_2223","2223","Професіонали в галузі ветеринарної медицини","cat_222"
"cat_2223_1","2223.1","Наукові співробітники (ветеринарна медицина)","cat_2223"
"cat_2223_2","2223.2","Ветеринари","cat_2223"
"cat_2224","2224","Професіонали в галузі фармації","cat_222"
"cat_2224_1","2224.1","Наукові співробітники (фармація)","cat_2224"
"cat_2224_2","2224.2","Фармацевти","cat_2224"
"cat_2225","2225","Професіонали в галузі медико-профілактичної справи","cat_222"
"cat_2225_1","2225.1","Наукові співробітники в галузі медико-профілактичної справи","cat_2225"
"cat_2225_2","2225.2","Лікарі, фахівці в галузі медико-профілактичної справи","cat_2225"
"cat_2229","2229","Інші професіонали в галузі медицини (крім сестринської справи та акушерства)","cat_222"
"cat_2229_1","2229.1","Наукові співробітники в галузі медицини (крім сестринської справи та акушерства)","cat_2229"
"cat_2229_2","2229.2","Професіонали в галузі медицини (крім сестринської справи та акушерства)","cat_2229"
"cat_223","223","Професійні медичні сестри та акушерки","cat_22"
"cat_2230","2230","Професіонали в галузі сестринської справи та акушерства","cat_223"
"cat_2230_1","2230.1","Наукові співробітники (сестринська справа, акушерство)","cat_2230"
"cat_2230_2","2230.2","Медичні сестри та акушерки","cat_2230"
"cat_23","23","Професіонали в галузі освіти та навчання","cat_2"
"cat_231","231","Викладачі  закладів вищої освіти","cat_23"
"cat_2310","2310","Викладачі закладів вищої освіти","cat_231"
"cat_2310_1","2310.1","Професори та доценти","cat_2310"
"cat_2310_2","2310.2","Інші викладачі закладів вищої освіти","cat_2310"
"cat_232","232","Викладачі закладів фахової передвищої освіти, професійної освіти та вчителі закладів загальної середньої освіти","cat_23"
"cat_2320","2320","Вчителі закладів загальної середньої освіти та  спеціалізованої освіти","cat_232"
"cat_2321","2321","Викладачі закладів професійної освіти","cat_232"
"cat_2322","2322","Викладачі закладів фахової передвищої освіти","cat_232"
"cat_233","233","Вчителі початкової школи та працівники закладів дошкільної освіти","cat_23"
"cat_2331","2331","Вчителі початкової школи","cat_233"
"cat_2332","2332","Вихователі закладів дошкільної освіти","cat_233"
"cat_234","234","Вчителі закладів спеціальної освіти","cat_23"
"cat_2340","2340","Вчителі закладів спеціальної освіти","cat_234"
"cat_235","235","Інші професіонали в галузі освіти та навчання","cat_23"
"cat_2351","2351","Професіонали в галузі методів навчання","cat_235"
"cat_2351_1","2351.1","Наукові співробітники (методи навчання)","cat_2351"
"cat_2351_2","2351.2","Інші професіонали в галузі методів навчання","cat_2351"
"cat_2352","2352","Інспектори навчальних закладів","cat_235"
"cat_2359","2359","Інші професіонали в галузі освіти та навчання","cat_235"
"cat_2359_1","2359.1","Інші наукові співробітники в галузі навчання","cat_2359"
"cat_2359_2","2359.2","Інші професіонали в галузі навчання","cat_2359"
"cat_24","24","Інші професіонали","cat_2"
"cat_241","241","Професіонали в сфері державної служби, аудиту, бухгалтерського обліку, праці та зайнятості, маркетингу, ефективності підприємництва, раціоналізації виробництва та інтелектуальної власності","cat_24"
"cat_2411","2411","Професіонали в галузі аудиту та бухгалтерського обліку","cat_241"
"cat_2411_1","2411.1","Наукові співробітники (аудит, бухгалтерський облік)","cat_2411"
"cat_2411_2","2411.2","Аудитори та кваліфіковані бухгалтери","cat_2411"
"cat_2412","2412","Професіонали в галузі праці та зайнятості","cat_241"
"cat_2412_1","2412.1","Наукові співробітники (праця, зайнятість)","cat_2412"
"cat_2412_2","2412.2","Професіонали в галузі праці та зайнятості","cat_2412"
"cat_2413","2413","Професіонали, зайняті роботою з цінними паперами","cat_241"
"cat_2413_1","2413.1","Наукові співробітники (біржові операції)","cat_2413"
"cat_2413_2","2413.2","Професіонали у сфері біржової діяльності","cat_2413"
"cat_2414","2414","Професіонали з питань фінансово-економічної безпеки підприємств, установ та організацій","cat_241"
"cat_2414_1","2414.1","Наукові співробітники (фінансово-економічна безпека підприємств, установ та організацій)","cat_2414"
"cat_2414_2","2414.2","Професіонали з фінансово-економічної безпеки","cat_2414"
"cat_2419","2419","Професіонали у сфері державної служби, маркетингу, ефективності господарської діяльності, раціоналізації виробництва, інтелектуальної власності та інноваційної діяльності","cat_241"
"cat_2419_1","2419.1","Наукові співробітники (маркетинг, ефективність господарської діяльності, раціоналізація виробництва, інтелектуальна власність)","cat_2419"
"cat_2419_2","2419.2","Професіонали у сфері маркетингу, ефективності господарської діяльності, раціоналізації виробництва, інтелектуальної власності та інноваційної діяльності","cat_2419"
"cat_2419_3","2419.3","Професіонали державної служби та місцевого самоврядування","cat_2419"
"cat_242","242","Професіонали в галузі правознавства, прокурорського нагляду, правосуддя та правоохоронної діяльності","cat_24"
"cat_2421","2421","Професіонали в галузі правознавства та прокурорського нагляду","cat_242"
"cat_2421_1","2421.1","Наукові співробітники (правознавство)","cat_2421"
"cat_2421_2","2421.2","Адвокати та прокурори","cat_2421"
"cat_2422","2422","Судді","cat_242"
"cat_2423","2423","Професіонали в галузі правоохоронної діяльності","cat_242"
"cat_2424","2424","Професіонали у сфері виконання кримінальних покарань (пенітенціарна система, пробація тощо)","cat_242"
"cat_2426","2426","Слідчі (поліція)","cat_242"
"cat_2427","2427","Військовослужбовці (офіцерський склад) (прикордонна служба)","cat_242"
"cat_2429","2429","Інші професіонали в галузі правознавства","cat_242"
"cat_243","243","Професіонали в сфері архівної справи, музеєзнавства, бібліотечної справи, інформації та кінопрограм","cat_24"
"cat_2431","2431","Професіонали в галузі архівної справи, зберігання музейних та бібліотечних фондів","cat_243"
"cat_2431_1","2431.1","Наукові співробітники (архівна справа, музеєзнавство)","cat_2431"
"cat_2431_2","2431.2","Архіваріуси та зберігачі у музеях та бібліотеках","cat_2431"
"cat_2432","2432","Професіонали у сфері бібліотечної справи та кінопрограм","cat_243"
"cat_2432_1","2432.1","Наукові співробітники (бібліотечна справа, кінопрограми)","cat_2432"
"cat_2432_2","2432.2","Бібліотекарі, професіонали в сфері кінопрограм","cat_2432"
"cat_2433","2433","Професіонали в галузі інформації та інформаційного аналізу","cat_243"
"cat_2433_1","2433.1","Наукові співробітники (інформаційна аналітика)","cat_2433"
"cat_2433_2","2433.2","Професіонали в галузі інформації та інформаційні аналітики","cat_2433"
"cat_244","244","Професіонали в галузі економіки, соціології, археографії, археології, географії, кримінології та палеографії","cat_24"
"cat_2441","2441","Професіонали в галузі економіки","cat_244"
"cat_2441_1","2441.1","Наукові співробітники (економіка)","cat_2441"
"cat_2441_2","2441.2","Економісти","cat_2441"
"cat_2442","2442","Професіонали в галузі археографії, археології, географії, кримінології, палеографії та соціології","cat_244"
"cat_2442_1","2442.1","Наукові співробітники (археографія, археологія, географія, кримінологія, палеографія, соціологія)","cat_2442"
"cat_2442_2","2442.2","Археографи, археологи, географи, кримінологи, палеографи та соціологи","cat_2442"
"cat_2443","2443","Професіонали в галузі філософії, історії та політології","cat_244"
"cat_2443_1","2443.1","Наукові співробітники (філософія, історія, політологія)","cat_2443"
"cat_2443_2","2443.2","Філософи, історики та політологи","cat_2443"
"cat_2444","2444","Професіонали в галузі філології, лінгвістики та перекладів","cat_244"
"cat_2444_1","2444.1","Наукові співробітники (філологія, лінгвістика, переклади)","cat_2444"
"cat_2444_2","2444.2","Філологи, лінгвісти, перекладачі та усні перекладачі","cat_2444"
"cat_2445","2445","Професіонали в галузі психології","cat_244"
"cat_2445_1","2445.1","Наукові співробітники (психологія)","cat_2445"
"cat_2445_2","2445.2","Психологи","cat_2445"
"cat_2446","2446","Професіонали в галузі соціального захисту населення","cat_244"
"cat_2446_1","2446.1","Наукові співробітники (соціальний захист населення)","cat_2446"
"cat_2446_2","2446.2","Професіонали в галузі соціального захисту населення","cat_2446"
"cat_2447","2447","Професіонали у сфері управління проектами та програмами","cat_244"
"cat_2447_1","2447.1","Наукові співробітники (проекти та програми)","cat_2447"
"cat_2447_2","2447.2","Професіонали з управління проектами та програмами","cat_2447"
"cat_245","245","Професіонали в галузі художньої творчості","cat_24"
"cat_2451","2451","Професіонали в галузі літератури","cat_245"
"cat_2451_1","2451.1","Літературознавці","cat_2451"
"cat_2451_2","2451.2","Письменники, редактори та журналісти","cat_2451"
"cat_2452","2452","Професіонали в галузі образотворчого та декоративно-прикладного мистецтва","cat_245"
"cat_2452_1","2452.1","Мистецтвознавці (образотворче та декоративно-прикладне мистецтво)","cat_2452"
"cat_2452_2","2452.2","Скульптори, художники та модельєри","cat_2452"
"cat_2453","2453","Професіонали в галузі музики","cat_245"
"cat_2453_1","2453.1","Мистецтвознавці (музикознавство)","cat_2453"
"cat_2453_2","2453.2","Композитори, аранжувальники, диригенти, музиканти та співаки","cat_2453"
"cat_2454","2454","Професіонали в галузі хореографії","cat_245"
"cat_2454_1","2454.1","Мистецтвознавці (хореографія)","cat_2454"
"cat_2454_2","2454.2","Хореографи і танцюристи","cat_2454"
"cat_2455","2455","Професіонали в галузі кіно, театру та естради","cat_245"
"cat_2455_1","2455.1","Мистецтвознавці (кіномистецтво, театр, естрада)","cat_2455"
"cat_2455_2","2455.2","Кіно-, театральні (естрадні та інші) актори та режисери","cat_2455"
"cat_246","246","Професіонали в галузі релігії","cat_24"
"cat_2460","2460","Професіонали в галузі релігії","cat_246"
"cat_247","247","Професіонали з безпеки та якості","cat_24"
"cat_2471","2471","Професіонали з контролю за якістю","cat_247"
"cat_248","248","Професіонали в галузі туризму, готельної, ресторанної та санаторно-курортної справи","cat_24"
"cat_2481","2481","Професіонали в галузі туризму","cat_248"
"cat_2481_1","2481.1","Наукові співробітники (туризмологія, екскурсознавство)","cat_2481"
"cat_2481_2","2481.2","Туризмознавці","cat_2481"
"cat_2482","2482","Професіонали в галузі готельної та ресторанної справи","cat_248"
"cat_2482_2","2482.2","Професіонали із готельної та ресторанної справи","cat_2482"
"cat_2483","2483","Професіонали в галузі санаторно-курортної справи","cat_248"
"cat_2483_1","2483.1","Наукові співробітники (рекреалогія)","cat_2483"
"cat_2483_2","2483.2","Професіонали із санаторно-курортної справи","cat_2483"
"cat_249","249","Професіонали, що не входять в інші класифікаційні угруповання","cat_24"
"cat_2490","2490","Професіонали, що не входять в інші класифікаційні угруповання","cat_249"
"cat_3","3","Фахівці","cat_dk003_root"
"cat_31","31","Технічні фахівці в галузі прикладних наук та техніки","cat_3"
"cat_311","311","Технічні фахівці в галузі фізичних наук та техніки","cat_31"
"cat_3111","3111","Лаборанти та техніки, пов'язані з хімічними та фізичними дослідженнями","cat_311"
"cat_3112","3112","Техніки-будівельники","cat_311"
"cat_3113","3113","Технічні фахівці - електрики","cat_311"
"cat_3114","3114","Технічні фахівці в галузі електроніки та електронних комунікацій","cat_311"
"cat_3115","3115","Технічні фахівці - механіки","cat_311"
"cat_3116","3116","Лаборанти та техніки в хімічному виробництві","cat_311"
"cat_3117","3117","Технічні фахівці в галузі видобувної промисловості та металургії","cat_311"
"cat_3118","3118","Креслярі","cat_311"
"cat_3119","3119","Інші технічні фахівці в галузі фізичних наук та техніки","cat_311"
"cat_312","312","Технічні фахівці в галузі обчислювальної техніки","cat_31"
"cat_3121","3121","Техніки-програмісти","cat_312"
"cat_3123","3123","Контролери та регулювальники промислових роботів","cat_312"
"cat_313","313","Оператори оптичного та електронного устаткування","cat_31"
"cat_3131","3131","Фотографи та оператори устаткування для реєстрації зображення та звуку","cat_313"
"cat_3132","3132","Оператори радіо- та електронно-комунікаційного устаткування","cat_313"
"cat_3133","3133","Оператори медичного устаткування","cat_313"
"cat_3139","3139","Інші оператори оптичного та електронного устаткування","cat_313"
"cat_314","314","Фахівці, що керують суднами та літальними апаратами і забезпечують судноплавство та польоти","cat_31"
"cat_3141","3141","Суднові фахівці","cat_314"
"cat_3142","3142","Вахтові офіцери та лоцмани","cat_314"
"cat_3143","3143","Льотні фахівці","cat_314"
"cat_3144","3144","Авіадиспетчери та фахівці, які керують безпілотними повітряними суднами","cat_314"
"cat_3145","3145","Технічні фахівці, що забезпечують повітряний рух","cat_314"
"cat_315","315","Інспектори з безпеки та якості","cat_31"
"cat_3151","3151","Інспектори з будівництва та пожежної безпеки","cat_315"
"cat_3152","3152","Інспектори з безпеки руху, охорони праці та якості","cat_315"
"cat_32","32","Фахівці в галузі біології, агрономії та медицини","cat_3"
"cat_321","321","Фахівці в галузі біології та агрономії","cat_32"
"cat_3211","3211","Лаборанти в галузі біологічних досліджень","cat_321"
"cat_3212","3212","Асистенти ветеринарів, молодші фахівці в агрономії, лісовому, водному господарствах та в природно-заповідній справі","cat_321"
"cat_3213","3213","Консультанти в сільському, лісовому, водному господарствах та в природно-заповідній справі","cat_321"
"cat_322","322","Допоміжний персонал у галузі сучасної медицини, фізіотерапії, фармації та ветеринарії (крім медичних сестер)","cat_32"
"cat_3221","3221","Медичні асистенти","cat_322"
"cat_3222","3222","Гігієністи","cat_322"
"cat_3224","3224","Окулісти та оптики","cat_322"
"cat_3225","3225","Дантисти-асистенти","cat_322"
"cat_3226","3226","Асистенти професіоналів в галузі медицини (крім сестринської справи та акушерства)","cat_322"
"cat_3227","3227","Допоміжний персонал у галузі ветеринарії","cat_322"
"cat_3228","3228","Фармацевтичні асистенти","cat_322"
"cat_3229","3229","Інші асистенти професіоналів в галузі сучасної медицини (крім медичних сестер)","cat_322"
"cat_323","323","Медичні сестри та акушерки, що асистують професіоналам","cat_32"
"cat_3231","3231","Медичні сестри, що асистують професіоналам","cat_323"
"cat_3232","3232","Помічники професіоналів-акушерів","cat_323"
"cat_324","324","Фахівці, що практикують в галузі нетрадиційної медицини","cat_32"
"cat_3241","3241","Фахівці, що практикують в галузі нетрадиційної медицини","cat_324"
"cat_33","33","Фахівці в галузі освіти та навчання","cat_3"
"cat_331","331","Фахівці з початкової освіти","cat_33"
"cat_3310","3310","Фахівці з початкової освіти","cat_331"
"cat_332","332","Фахівці з дошкільної освіти","cat_33"
"cat_3320","3320","Фахівці з дошкільної освіти","cat_332"
"cat_333","333","Фахівці спеціальної освіти","cat_33"
"cat_3330","3330","Фахівці спеціальної освіти","cat_333"
"cat_334","334","Фахівці спеціалізованої освіти та інші фахівці в галузі освіти та навчання","cat_33"
"cat_3340","3340","Фахівці спеціалізованої освіти та інші фахівці в галузі освіти та навчання","cat_334"
"cat_34","34","Інші фахівці","cat_3"
"cat_341","341","Фахівці в галузі фінансів та торгівлі","cat_34"
"cat_3411","3411","Дилери (біржові торговці за свій рахунок) та брокери (посередники) із заставних та фінансових операцій","cat_341"
"cat_3412","3412","Страхові агенти","cat_341"
"cat_3413","3413","Агенти з торгівлі майном","cat_341"
"cat_3414","3414","Консультанти з подорожей та організатори подорожей","cat_341"
"cat_3415","3415","Технічні та торговельні представники","cat_341"
"cat_3416","3416","Закупники","cat_341"
"cat_3417","3417","Оцінювачі та аукціоністи","cat_341"
"cat_3419","3419","Інші фахівці в галузі фінансів і торгівлі","cat_341"
"cat_342","342","Агенти з комерційного обслуговування та торговельні брокери","cat_34"
"cat_3421","3421","Брокери (посередники) з купівлі-продажу товарів","cat_342"
"cat_3422","3422","Агенти з клірингу (обмінних товарних операцій) та експедиції","cat_342"
"cat_3423","3423","Агенти із зайнятості й трудових контрактів","cat_342"
"cat_3429","3429","Агенти з комерційних послуг та торговельні брокери","cat_342"
"cat_343","343","Технічні фахівці в галузі управління","cat_34"
"cat_3431","3431","Секретарі адміністративних органів","cat_343"
"cat_3432","3432","Середній юридичний персонал судової, адвокатської та нотаріальної діяльності","cat_343"
"cat_3433","3433","Бухгалтери та касири-експерти","cat_343"
"cat_3434","3434","Допоміжний персонал у сфері статистики та математики","cat_343"
"cat_3435","3435","Організатори діловодства","cat_343"
"cat_3435_1","3435.1","Організатори діловодства (державні установи)","cat_3435"
"cat_3435_2","3435.2","Організатори діловодства (види економічної діяльності)","cat_3435"
"cat_3435_3","3435.3","Організатори діловодства (система судочинства)","cat_3435"
"cat_3436","3436","Помічники керівників","cat_343"
"cat_3436_1","3436.1","Помічники керівників підприємств, установ та організацій","cat_3436"
"cat_3436_2","3436.2","Помічники керівників виробничих та інших основних підрозділів","cat_3436"
"cat_3436_3","3436.3","Помічники керівників малих підприємств без апарату управління","cat_3436"
"cat_3436_9","3436.9","Інші помічники","cat_3436"
"cat_3439","3439","Інші технічні фахівці в галузі управління","cat_343"
"cat_344","344","Державні інспектори","cat_34"
"cat_3441","3441","Інспектори митної служби","cat_344"
"cat_3442","3442","Інспектори податкової служби","cat_344"
"cat_3443","3443","Інспектори із соціальної допомоги","cat_344"
"cat_3444","3444","Інспектори з ліцензій","cat_344"
"cat_3449","3449","Інші державні інспектори","cat_344"
"cat_345","345","Інспектори правоохоронних органів, кримінально-виконавчої служби, воєнізованої охорони, приватні детективи та фахівці з дізнання","cat_34"
"cat_3450","3450","Інспектори воєнізованої охорони та приватні детективи","cat_345"
"cat_3451","3451","Інспектори правоохоронних органів та фахівці із дізнання","cat_345"
"cat_3452","3452","Фахівці кримінально-виконавчої служби","cat_345"
"cat_346","346","Соціальні працівники","cat_34"
"cat_3460","3460","Соціальні працівники","cat_346"
"cat_347","347","Декоратори, артисти, спортсмени та організатори у сфері культури та мистецтва","cat_34"
"cat_3471","3471","Декоратори та комерційні дизайнери","cat_347"
"cat_3472","3472","Радіо-, теле- та інші ведучі","cat_347"
"cat_3473","3473","Музиканти, співаки, танцюристи, які працюють на вулиці та в нічних клубах","cat_347"
"cat_3474","3474","Клоуни, ілюзіоністи, акробати та прирівняні до них естрадно-циркові артисти","cat_347"
"cat_3475","3475","Спортивні тренери, інструктори-методисти та професійні спортсмени","cat_347"
"cat_3476","3476","Організатори у сфері культури та мистецтва","cat_347"
"cat_3479","3479","Інші фахівці у сфері культури та мистецтва","cat_347"
"cat_348","348","Допоміжний персонал релігійних організацій, який не має духовного сану","cat_34"
"cat_3480","3480","Допоміжний персонал релігійних організацій, який не має духовного сану","cat_348"
"cat_349","349","Лаборанти та техніки в інших видах економічної діяльності","cat_34"
"cat_3491","3491","Лаборанти та техніки в інших сферах наукових досліджень","cat_349"
"cat_35","35","Фахівці в галузі харчової та переробної промисловості","cat_3"
"cat_351","351","Фахівці з переробки плодоовочевої продукції","cat_35"
"cat_3510","3510","Фахівці з переробки плодоовочевої продукції","cat_351"
"cat_352","352","Фахівці з бродильного виробництва та виноробства","cat_35"
"cat_3520","3520","Фахівці з бродильного виробництва та виноробства","cat_352"
"cat_353","353","Фахівці з виробництва молочних продуктів","cat_35"
"cat_3530","3530","Фахівці з виробництва молочних продуктів","cat_353"
"cat_354","354","Фахівці з виробництва м'ясних продуктів","cat_35"
"cat_3540","3540","Фахівці з виробництва м'ясних продуктів","cat_354"
"cat_355","355","Фахівці з виробництва борошняних, кондитерських виробів та харчоконцентратів","cat_35"
"cat_3550","3550","Фахівці з виробництва борошняних, кондитерських виробів та харчоконцентратів","cat_355"
"cat_356","356","Фахівці зі зберігання та переробки зерна","cat_35"
"cat_3560","3560","Фахівці зі зберігання та переробки зерна","cat_356"
"cat_357","357","Фахівці з технології харчування","cat_35"
"cat_3570","3570","Фахівці з технології харчування","cat_357"
"cat_359","359","Інші фахівці в галузі харчової та переробної промисловості","cat_35"
"cat_3590","3590","Інші фахівці в галузі харчової та переробної промисловості","cat_359"
"cat_4","4","Технічні службовці","cat_dk003_root"
"cat_41","41","Службовці, пов'язані з інформацією","cat_4"
"cat_411","411","Секретарі та службовці, що виконують операції за допомогою клавіатури","cat_41"
"cat_4111","4111","Стенографісти та друкарки","cat_411"
"cat_4112","4112","Оператори машин для оброблення текстів і подібні професії","cat_411"
"cat_4113","4113","Оператори із збору даних","cat_411"
"cat_4114","4114","Оператори лічильних машин","cat_411"
"cat_4115","4115","Секретарі","cat_411"
"cat_412","412","Службовці, зайняті з цифровими даними","cat_41"
"cat_4121","4121","Реєстратори бухгалтерських даних","cat_412"
"cat_4122","4122","Статистики-обліковці та конторські службовці, що займаються фінансовими операціями","cat_412"
"cat_413","413","Службовці, що займаються реєстрацією матеріальних цінностей та транспортуванням","cat_41"
"cat_4131","4131","Службовці на складах","cat_413"
"cat_4132","4132","Приймальники замовлень","cat_413"
"cat_4133","4133","Службовці з транспортних операцій","cat_413"
"cat_414","414","Службовці, що зайняті в бібліотеці, на пошті та подібними роботами","cat_41"
"cat_4141","4141","Службовці, що зайняті в бібліотеці чи роботою з картотекою","cat_414"
"cat_4142","4142","Службовці, що займаються сортуванням та доставкою пошти","cat_414"
"cat_4143","4143","Службовці, що займаються кодуванням, коректурою та подібними роботами","cat_414"
"cat_4144","4144","Переписувачі та діловоди","cat_414"
"cat_419","419","Інші службовці, пов'язані з інформацією","cat_41"
"cat_4190","4190","Інші службовці, пов'язані з інформацією","cat_419"
"cat_42","42","Службовці, що обслуговують клієнтів","cat_4"
"cat_421","421","Касири, касири в банках та білетери","cat_42"
"cat_4211","4211","Касири та білетери","cat_421"
"cat_4212","4212","Касири в банках та інкасатори","cat_421"
"cat_4213","4213","Букмекери (на перегонах) та круп'є (банківники)","cat_421"
"cat_4214","4214","Лихварі (особи, що позичають гроші в заставу або в борг)","cat_421"
"cat_4215","4215","Збирачі податків","cat_421"
"cat_422","422","Агенти з інформування клієнтів","cat_42"
"cat_4221","4221","Агенти з туризму","cat_422"
"cat_4222","4222","Службовці з інформування (довідок)","cat_422"
"cat_4223","4223","Телефоністи, телеграфісти та споріднені професії сфери зв'язку","cat_422"
"cat_4229","4229","Укрупнені професії службовців з інформування клієнтів","cat_422"
"cat_5","5","Працівники сфери торгівлі та послуг","cat_dk003_root"
"cat_51","51","Працівники, що надають персональні та захисні послуги","cat_5"
"cat_511","511","Працівники, що надають послуги в дорозі","cat_51"
"cat_5111","5111","Працівники, що надають послуги в дорозі","cat_511"
"cat_5112","5112","Провідники та кондуктори на транспорті","cat_511"
"cat_5113","5113","Супроводжувачі у подорожах","cat_511"
"cat_512","512","Доглядачі будинків та працівники закладів ресторанного господарства","cat_51"
"cat_5121","5121","Доглядачі будинків та чергові в готелях та гуртожитках","cat_512"
"cat_5122","5122","Кухарі","cat_512"
"cat_5123","5123","Офіціанти та буфетники","cat_512"
"cat_5129","5129","Укрупнені професії доглядачів будинків та працівників закладів ресторанного господарства","cat_512"
"cat_513","513","Працівники, що здійснюють догляд за окремими особами","cat_51"
"cat_5131","5131","Працівники, що забезпечують піклування та догляд за дітьми","cat_513"
"cat_5132","5132","Працівники з надання послуг пацієнтам лікувальних закладів","cat_513"
"cat_5133","5133","Працівники, що надають індивідуальні послуги на дому, в організаціях соціального обслуговування","cat_513"
"cat_5139","5139","Виконавці побутових послуг та працівники споріднених професій","cat_513"
"cat_514","514","Інші працівники, пов'язані з наданням послуг окремим особам","cat_51"
"cat_5141","5141","Перукарі, гримери-пастижери, косметики та подібні професії","cat_514"
"cat_5142","5142","Компаньйони та помічники по господарству","cat_514"
"cat_5143","5143","Утримувачі похоронних контор, трунарі та бальзамувальники","cat_514"
"cat_5149","5149","Інші працівники, пов'язані з наданням послуг окремим особам","cat_514"
"cat_515","515","Астрологи та ворожки","cat_51"
"cat_5151","5151","Астрологи","cat_515"
"cat_5152","5152","Ворожки та хіроманти","cat_515"
"cat_516","516","Працівники служб, що надають захисні послуги","cat_51"
"cat_5161","5161","Пожежні","cat_516"
"cat_5162","5162","Поліцейські (молодший склад)","cat_516"
"cat_5163","5163","Працівники кримінально-виконавчої служби","cat_516"
"cat_5169","5169","Працівники захисних та охоронних служб","cat_516"
"cat_52","52","Моделі, продавці та демонстратори","cat_5"
"cat_521","521","Манекенники та інші моделі","cat_52"
"cat_5210","5210","Манекенники та інші моделі","cat_521"
"cat_522","522","Продавці в магазинах","cat_52"
"cat_5220","5220","Продавці в магазинах","cat_522"
"cat_523","523","Продавці, що ведуть торгівлю з лотків та на ринках","cat_52"
"cat_5230","5230","Продавці, що ведуть торгівлю з лотків та на ринках","cat_523"
"cat_53","53","Працівники, що надають інші послуги юридичним та фізичним особам","cat_5"
"cat_531","531","Працівники з надання послуг у сфері мистецтва","cat_53"
"cat_5311","5311","Працівники фільмо-, фоно-, фототек","cat_531"
"cat_5312","5312","Працівники, зайняті на декоративних, художніх (дизайнерських) допоміжних роботах у сфері мистецтва","cat_531"
"cat_6","6","Кваліфіковані робітники сільського та лісового господарств, риборозведення та рибальства","cat_dk003_root"
"cat_61","61","Кваліфіковані сільськогосподарські робітники та рибалки","cat_6"
"cat_611","611","Садівники та землероби","cat_61"
"cat_6111","6111","Рільники та овочівники","cat_611"
"cat_6112","6112","Землероби, що займаються вирощуванням фруктових дерев та плодово-ягідних культур","cat_611"
"cat_6113","6113","Садівники та землероби, що займаються вирощуванням садових саджанців та культур у теплицях та оранжереях","cat_611"
"cat_6114","6114","Землероби та сільськогосподарські робітники, що займаються вирощуванням змішаних культур","cat_611"
"cat_612","612","Тваринники","cat_61"
"cat_6121","6121","Виробники, що здійснюють щодобовий догляд за домашньою худобою та її поставку","cat_612"
"cat_6122","6122","Виробники, які постійно доглядають за свійською птицею та здійснюють її поставку","cat_612"
"cat_6123","6123","Бджолярі та шовківники","cat_612"
"cat_6124","6124","Виробники змішаної тваринницької продукції","cat_612"
"cat_6129","6129","Інші тваринники","cat_612"
"cat_613","613","Робітники сільського господарства, що займаються як землеробством, так і тваринництвом","cat_61"
"cat_6131","6131","Робітники сільського господарства, що займаються як землеробством, так і тваринництвом","cat_613"
"cat_614","614","Робітники, зайняті в лісовому господарстві","cat_61"
"cat_6141","6141","Робітники, зайняті в лісовому господарстві, та лісоруби","cat_614"
"cat_6142","6142","Здіймальники","cat_614"
"cat_615","615","Робітники рибного промислу, мисливці та мисливці, що ставлять капкани","cat_61"
"cat_6151","6151","Робітники, що культивують водні живі організми","cat_615"
"cat_6152","6152","Робітники, що займаються рибним промислом у внутрішніх та прибережних водах","cat_615"
"cat_6153","6153","Робітники, що займаються рибним промислом у відкритому морі","cat_615"
"cat_6154","6154","Мисливці та мисливці, що ставлять капкани","cat_615"
"cat_619","619","Інші кваліфіковані сільськогосподарскі робітники та рибалки","cat_61"
"cat_6190","6190","Інші кваліфіковані сільськогосподарскі робітники та рибалки","cat_619"
"cat_7","7","Кваліфіковані робітники з інструментом","cat_dk003_root"
"cat_71","71","Робітники з видобутку корисних копалин і на будівництві","cat_7"
"cat_711","711","Гірники, вибуховики, різальники каменю та каменотеси","cat_71"
"cat_7111","7111","Гірники та кар'єрні робітники","cat_711"
"cat_7112","7112","Підривники","cat_711"
"cat_7113","7113","Колії, різальники каменю та каменотеси","cat_711"
"cat_7115","7115","Укрупнені професійні назви робіт кваліфікованих робітників на транспорті","cat_711"
"cat_712","712","Будівельники будівель та споруд","cat_71"
"cat_7120","7120","Укрупнені професії будівельників будівель та споруд","cat_712"
"cat_7122","7122","Муляри","cat_712"
"cat_7123","7123","Укладальники бетонної суміші","cat_712"
"cat_7124","7124","Теслярі та столяри","cat_712"
"cat_7129","7129","Будівельники, ремонтники споруд та верхолази","cat_712"
"cat_713","713","Будівельники-лицювальники та подібні до них професійні назви робіт","cat_71"
"cat_7131","7131","Покрівельники","cat_713"
"cat_7132","7132","Лицювальники та паркетники","cat_713"
"cat_7133","7133","Штукатури","cat_713"
"cat_7134","7134","Ізолювальники","cat_713"
"cat_7135","7135","Склярі","cat_713"
"cat_7136","7136","Водопровідники та трубопровідники","cat_713"
"cat_7137","7137","Будівельні та подібні до них електрики","cat_713"
"cat_7139","7139","Укрупнені професії кваліфікованих робітників у будівництві","cat_713"
"cat_714","714","Маляри та чистильники структурних частин будівель","cat_71"
"cat_7141","7141","Маляри","cat_714"
"cat_7142","7142","Лакувальники","cat_714"
"cat_7143","7143","Чистильники структурних частин будинків","cat_714"
"cat_72","72","Робітники металургійних та машинобудівних професій","cat_7"
"cat_721","721","Формувальники, зварники, прокатники, бляхарі та монтажники металоконструкцій","cat_72"
"cat_7211","7211","Формувальники та стрижневики","cat_721"
"cat_7212","7212","Зварники та газорізальники","cat_721"
"cat_7213","7213","Робітники, що працюють з тонколистовим металом","cat_721"
"cat_7214","7214","Заготівники та монтажники металоконструкцій","cat_721"
"cat_7215","7215","Такелажники та робітники, що зрощують канати","cat_721"
"cat_7216","7216","Робітники, що працюють під водою","cat_721"
"cat_7219","7219","Укрупнені професійні назви робіт формувальників, зварників, прокатників, бляхарів та монтажників металоконструкцій","cat_721"
"cat_722","722","Ковалі ручного кування та інструментальники","cat_72"
"cat_7221","7221","Ковалі ручного кування, ковалі на молотах та пресувальники","cat_722"
"cat_7222","7222","Інструментальники","cat_722"
"cat_7223","7223","Налагоджувальники верстатів та налагоджувальники-оператори","cat_722"
"cat_7224","7224","Шліфувальники, полірувальники та точильники по металу","cat_722"
"cat_7229","7229","Укрупнені професійні назви робіт ковалів ручного кування та інструментальників","cat_722"
"cat_723","723","Механіки та монтажники механічного устаткування","cat_72"
"cat_7231","7231","Механіки та монтажники моторних транспортних засобів","cat_723"
"cat_7232","7232","Механіки та монтажники авіаційних машин","cat_723"
"cat_7233","7233","Механіки та монтажники сільськогосподарських та промислових машин","cat_723"
"cat_7239","7239","Укрупнені професії механіків, слюсарів та монтажників механічного устаткування","cat_723"
"cat_724","724","Механіки та монтажники електричного та електронного устаткування","cat_72"
"cat_7241","7241","Електромеханіки та електромонтажники","cat_724"
"cat_7242","7242","Монтажники електронного устаткування","cat_724"
"cat_7243","7243","Механіки та експлуатаційники електронного устаткування","cat_724"
"cat_7244","7244","Установники та експлуатаційники телеграфного та телефонного устаткування","cat_724"
"cat_7245","7245","Установники, ремонтники й монтажники ліній електропередач","cat_724"
"cat_7249","7249","Укрупнені професії механіків та монтажників електричного та електронного устаткування","cat_724"
"cat_73","73","Робітники в галузі точної механіки, ручних ремесел та друкування","cat_7"
"cat_731","731","Робітники, що виконують високоточні роботи в металі та подібних матеріалах","cat_73"
"cat_7311","7311","Виробники та ремонтники прецизійних інструментів та приладів","cat_731"
"cat_7312","7312","Виробники та настроювачі музичних інструментів","cat_731"
"cat_7313","7313","Ювеліри та робітники, що працюють з дорогоцінними металами","cat_731"
"cat_7319","7319","Укрупнені професії робітників, що виконують високоточні роботи з металу та подібних матеріалів","cat_731"
"cat_732","732","Гончарі та виробники скляних виробів","cat_73"
"cat_7321","7321","Виробники керамічних виробів та гончарі","cat_732"
"cat_7322","7322","Виробники скляних виробів, формувальники, гранувальники, шліфувальники та полірувальники скла","cat_732"
"cat_7323","7323","Гравери-різальники по склу та гравери","cat_732"
"cat_7324","7324","Розмалювальники скла, кераміки та подібних матеріалів","cat_732"
"cat_7329","7329","Укрупнені професії гончарів та виготовлювачів скляних виробів","cat_732"
"cat_733","733","Ремісники з ручного оброблення дерева, тканини, шкіри та подібних матеріалів","cat_73"
"cat_7331","7331","Ремісники з ручного оброблення дерева та подібних матеріалів","cat_733"
"cat_7332","7332","Ремісники з ручного оброблення тканини, шкіри та подібних матеріалів","cat_733"
"cat_7339","7339","Укрупнені професії ремісників з ручного оброблення дерева, тканини, шкіри та подібних матеріалів","cat_733"
"cat_734","734","Друкарі та робітники подібних професій","cat_73"
"cat_7341","7341","Складачі та друкарі","cat_734"
"cat_7342","7342","Стереотипісти та електротипісти","cat_734"
"cat_7343","7343","Цинкографи та гальваностереотипери","cat_734"
"cat_7344","7344","Фотогравери","cat_734"
"cat_7345","7345","Палітурники","cat_734"
"cat_7346","7346","Друкарі шовкових ширм, гербових паперів та друкарі на тканині","cat_734"
"cat_7349","7349","Укрупнені професії друкарів та робітників подібних професій","cat_734"
"cat_74","74","Інші кваліфіковані робітники з інструментом","cat_7"
"cat_741","741","Робітники з приготування харчових продуктів","cat_74"
"cat_7411","7411","М'ясники та постачальники риби","cat_741"
"cat_7412","7412","Булочники, кондитери та майстри з приготування кондитерських виробів","cat_741"
"cat_7413","7413","Виробники молочних продуктів","cat_741"
"cat_7414","7414","Заготівельники плодів, овочів та подібних продуктів","cat_741"
"cat_7415","7415","Дегустатори, купажисти","cat_741"
"cat_7416","7416","Робітники з перероблення тютюну","cat_741"
"cat_7419","7419","Укрупнені професії робітників з приготування харчових продуктів","cat_741"
"cat_742","742","Деревообробники та столяри-червонодеревники","cat_74"
"cat_7421","7421","Робітники з оброблення дерева","cat_742"
"cat_7422","7422","Столяри","cat_742"
"cat_7423","7423","Налагоджувальники та налагоджувальники-оператори деревообробних верстатів","cat_742"
"cat_7424","7424","Кошикарі та виробники щіток","cat_742"
"cat_743","743","Робітники-текстильники та швейники","cat_74"
"cat_7431","7431","Готувачі волокон","cat_743"
"cat_7432","7432","Ткачі та в'язальники","cat_743"
"cat_7433","7433","Кравці, майстри-виробники одягу та капелюшники","cat_743"
"cat_7434","7434","Кушніри","cat_743"
"cat_7435","7435","Модельєри текстильних, шкіряних та подібних виробів, закрійники","cat_743"
"cat_7436","7436","Швачки та вишивальниці","cat_743"
"cat_7437","7437","Оббивальники","cat_743"
"cat_7439","7439","Укрупнені професії текстильників, швейників та робітників подібних професій","cat_743"
"cat_744","744","Робітники-шкіряники та взуттьовики","cat_74"
"cat_7441","7441","Оброблювачі шкур, дубильники та хутровики (кушніри)","cat_744"
"cat_7442","7442","Виробники взуття","cat_744"
"cat_79","79","Інші професійні назви робіт кваліфікованих робітників з інструментом","cat_7"
"cat_799","799","Інші професійні назви робіт кваліфікованих робітників з інструментом","cat_79"
"cat_7990","7990","Інші професійні назви робіт кваліфікованих робітників з інструментом","cat_799"
"cat_8","8","Робітники з обслуговування, експлуатації та контролювання за роботою технологічного устаткування, складання устаткування та машин","cat_dk003_root"
"cat_81","81","Робітники, що обслуговують промислове устаткування","cat_8"
"cat_811","811","Робітники, що обслуговують гірниче устаткування та устаткування для перероблення корисних копалин","cat_81"
"cat_8111","8111","Робітники, що обслуговують гірниче устаткування","cat_811"
"cat_8112","8112","Робітники, що обслуговують устаткування з перероблення руди та породи","cat_811"
"cat_8113","8113","Бурильники","cat_811"
"cat_8119","8119","Укрупнені професії робітників, що обслуговують гірниче устаткування та устаткування для перероблення корисних копалин","cat_811"
"cat_812","812","Робітники, що обслуговують рудо- та металопереробне устаткування","cat_81"
"cat_8121","8121","Робітники, що обслуговують рудо- та металоплавильні печі","cat_812"
"cat_8122","8122","Металоплавильники (вторинна переплавка), ливарники та прокатники","cat_812"
"cat_8123","8123","Робітники, що обслуговують установки з термічного оброблення металу","cat_812"
"cat_8124","8124","Робітники, що обслуговують трубне устаткування","cat_812"
"cat_8129","8129","Укрупнені професії робітників, що обслуговують рудо- та металопереробне устаткування","cat_812"
"cat_813","813","Робітники, що обслуговують установки скляного, керамічного виробництва, та робітники на подібному устаткуванні","cat_81"
"cat_8130","8130","Укрупнені професії робітників, що обслуговують установки скляного та керамічного виробництв та подібне устаткування","cat_813"
"cat_8131","8131","Робітники, що обслуговують печі для випалу скла та кераміки, та робітники на подібному устаткуванні","cat_813"
"cat_8139","8139","Робітники, що обслуговують установки з виробництва скла та кераміки","cat_813"
"cat_814","814","Робітники, що обслуговують деревообробні та папероробні установки","cat_81"
"cat_8141","8141","Робітники, що обслуговують установки з перероблення лісу","cat_814"
"cat_8142","8142","Робітники, що обслуговують паперово-целюлозні установки","cat_814"
"cat_8143","8143","Робітники, що обслуговують папероробні установки","cat_814"
"cat_8149","8149","Укрупнені професії робітників, що обслуговують деревообробні та папероробні установки","cat_814"
"cat_815","815","Робітники, що обслуговують хімічні установки","cat_81"
"cat_8151","8151","Робітники, що обслуговують дробильне, розмелювальне та змішувальне хімічне устаткування","cat_815"
"cat_8152","8152","Робітники, що обслуговують хімічні термообробні установки","cat_815"
"cat_8153","8153","Робітники, що обслуговують фільтрувальне хімічне устаткування та хімічні сепаратори","cat_815"
"cat_8154","8154","Робітники, що обслуговують устаткування з хімічної дистиляції та реактори (за винятком очищення нафти та природного газу)","cat_815"
"cat_8155","8155","Робітники, що обслуговують установки з очищення нафти та природного газу","cat_815"
"cat_8159","8159","Оператори хімічних переробних установок","cat_815"
"cat_816","816","Робітники, що обслуговують установки з вироблення електроенергії, та робітники на подібному устаткуванні","cat_81"
"cat_8161","8161","Робітники, що обслуговують установки з вироблення електроенергії","cat_816"
"cat_8162","8162","Робітники, що обслуговують парові машини та бойлери","cat_816"
"cat_8163","8163","Робітники, що обслуговують печі для спалювання сміття, компресори, холодильні, вентиляційні, водоочисні та меліоративні системи","cat_816"
"cat_8169","8169","Укрупнені професії робітників, що обслуговують установки з вироблення електроенергії та подібне устаткування","cat_816"
"cat_817","817","Робітники, що обслуговують автоматизовані складальні лінії","cat_81"
"cat_8171","8171","Робітники, що обслуговують автоматизовані складальні лінії","cat_817"
"cat_8172","8172","Оператори промислових роботів","cat_817"
"cat_82","82","Робітники, що обслуговують машини, та складальники машин","cat_8"
"cat_821","821","Робітники, що обслуговують устаткування з виробництва метало- та мінералопродуктів","cat_82"
"cat_8211","8211","Верстатники","cat_821"
"cat_8212","8212","Робітники, які обслуговують установки у волокнистоцементному виробництві","cat_821"
"cat_822","822","Робітники, що обслуговують устаткування з виробництва хімічних продуктів","cat_82"
"cat_8220","8220","Укрупнені професії робітників, що обслуговують устаткування з виробництва хімічних продуктів","cat_822"
"cat_8221","8221","Робітники, що обслуговують устаткування з виробництва фармацевтичних продуктів та косметичних засобів","cat_822"
"cat_8222","8222","Робітники, що обслуговують устаткування з виробництва сірників","cat_822"
"cat_8223","8223","Робітники, що обслуговують устаткування з оброблення та нанесення покриттів на метали","cat_822"
"cat_8224","8224","Робітники, що обслуговують устаткування з виробництва фото- та кінопродукції","cat_822"
"cat_8229","8229","Робітники, що обслуговують устаткування з виробництва хімічних продуктів","cat_822"
"cat_823","823","Робітники, що обслуговують устаткування з виробництва продукції з гуми та пластика","cat_82"
"cat_8231","8231","Робітники, що обслуговують устаткування з виробництва продукції з гуми","cat_823"
"cat_8232","8232","Робітники, що обслуговують устаткування з виробництва продукції з пластика","cat_823"
"cat_824","824","Робітники, що обслуговують устаткування з виробництва продукції з деревини","cat_82"
"cat_8240","8240","Робітники, що обслуговують устаткування з виробництва продукції з деревини","cat_824"
"cat_825","825","Робітники, що обслуговують друкарські та палітурні машини, а також машини для виробництва виробів з паперу","cat_82"
"cat_8251","8251","Робітники, що обслуговують друкарські машини","cat_825"
"cat_8252","8252","Робітники, що обслуговують палітурні машини","cat_825"
"cat_8253","8253","Робітники, що обслуговують машини для виробництва виробів з паперу","cat_825"
"cat_8259","8259","Укрупнені професії робітників, що обслуговують друкарські, палітурні та інші машини для виготовлення виробів з паперу","cat_825"
"cat_826","826","Робітники, що обслуговують машини з виробництва текстильних, хутряних та шкіряних виробів","cat_82"
"cat_8261","8261","Робітники, що обслуговують машини з оброблення волокна та перемотування нитки","cat_826"
"cat_8262","8262","Робітники, що обслуговують ткацькі верстати та в'язальні машини","cat_826"
"cat_8263","8263","Робітники, що обслуговують швацькі машини","cat_826"
"cat_8264","8264","Робітники, що обслуговують машини для вибілювання, фарбування та чищення","cat_826"
"cat_8265","8265","Робітники, що обслуговують хутро- та шкірообробні машини","cat_826"
"cat_8266","8266","Робітники, що обслуговують машини для вироблення взуття","cat_826"
"cat_8269","8269","Робітники, що обслуговують машини для вироблення текстильних, хутряних та шкіряних виробів","cat_826"
"cat_827","827","Робітники, що обслуговують устаткування з виробництва харчових та подібних продуктів","cat_82"
"cat_8270","8270","Укрупнені професії робітників, що обслуговують устаткування з виробництва харчових та подібних продуктів","cat_827"
"cat_8271","8271","Робітники, що обслуговують устаткування з оброблення м'яса та риби","cat_827"
"cat_8272","8272","Робітники, що обслуговують устаткування з виробництва молочної продукції","cat_827"
"cat_8273","8273","Робітники, що обслуговують устаткування для помелу зернових та прянощів","cat_827"
"cat_8274","8274","Робітники, що обслуговують устаткування з виробництва хліба, кондитерської та макаронної продукції, крупи та шоколадних виробів","cat_827"
"cat_8275","8275","Робітники, що обслуговують устаткування з перероблення фруктів, овочів, олієнасіння та горіхів","cat_827"
"cat_8276","8276","Робітники, що обслуговують устаткування з виробництва цукру","cat_827"
"cat_8277","8277","Робітники, що обслуговують устаткування з перероблення чаю, кави, какао та шоколаду","cat_827"
"cat_8278","8278","Пивовари і робітники, що обслуговують виноробне устаткування та устаткування для виробництва інших напоїв","cat_827"
"cat_8279","8279","Робітники, що обслуговують устаткування з виробництва тютюнової продукції","cat_827"
"cat_828","828","Складальники","cat_82"
"cat_8282","8282","Складальники електроустаткування","cat_828"
"cat_8283","8283","Складальники електронного устаткування","cat_828"
"cat_8284","8284","Складальники металевих, гумових та пластикових виробів","cat_828"
"cat_8285","8285","Складальники виробів з дерева та подібних матеріалів","cat_828"
"cat_8286","8286","Складальники виробів з картону, тканини та подібних матеріалів","cat_828"
"cat_8289","8289","Укрупнені професії складальників","cat_828"
"cat_829","829","Інші робітники з обслуговування та складання машин","cat_82"
"cat_8290","8290","Інші робітники з обслуговування та складання машин","cat_829"
"cat_83","83","Водії та робітники з обслуговування пересувної техніки та установок","cat_8"
"cat_831","831","Машиністи локомотивів та подібні до них робітники","cat_83"
"cat_8311","8311","Машиністи локомотивів та спеціальних машин на залізниці, помічники машиністів та кочегари паровозів","cat_831"
"cat_8312","8312","Залізничні сигнальники та стрілочники","cat_831"
"cat_8319","8319","Укрупнені професії машиністів локомотивів та робітників подібних професій","cat_831"
"cat_832","832","Водії автотранспортних та мототранспортних засобів та інші робітники з обслуговування автотранспортної та мототранспортної техніки","cat_83"
"cat_8321","8321","Водії мототранспортних засобів та робітники з обслуговування мототранспортної техніки","cat_832"
"cat_8322","8322","Водії автотранспортних засобів та робітники з обслуговування автотранспортної техніки","cat_832"
"cat_8323","8323","Водії тролейбусів, трамваїв та робітники з обслуговування тролейбусів та трамваїв","cat_832"
"cat_833","833","Робітники, що обслуговують сільськогосподарські та інші пересувні установки","cat_83"
"cat_8331","8331","Робітники з керування та обслуговування сільсько- та лісогосподарського устаткування","cat_833"
"cat_8332","8332","Робітники, що обслуговують установки для виконання земляних та подібних робіт","cat_833"
"cat_8333","8333","Машиністи кранів, лебідок та подібних установок","cat_833"
"cat_8334","8334","Водії автонавантажувачів","cat_833"
"cat_8339","8339","Укрупнені професії робітників, що обслуговують установки для сільськогосподарських, земляних та подібних робіт","cat_833"
"cat_834","834","Суднова палубна команда","cat_83"
"cat_8340","8340","Суднова палубна команда та подібні їм робітники","cat_834"
"cat_89","89","Інші професійні назви робіт з обслуговування та експлуатації","cat_8"
"cat_899","899","Інші професійні назви робіт з обслуговування та експлуатації","cat_89"
"cat_8990","8990","Інші професійні назви робіт з обслуговування та експлуатації","cat_899"
"cat_9","9","Найпростіші професії","cat_dk003_root"
"cat_91","91","Найпростіші професії торгівлі та сфери послуг","cat_9"
"cat_912","912","Найпростіші професії з чищення взуття та інших вуличних послуг","cat_91"
"cat_9120","9120","Найпростіші професії з чищення взуття та інших вуличних послуг","cat_912"
"cat_913","913","Домашня робітники, прибиральники та прачки","cat_91"
"cat_9131","9131","Домашні робітники та прибиральники","cat_913"
"cat_9132","9132","Підсобні робітники та прибиральники в конторах, готелях та інших установах","cat_913"
"cat_9133","9133","Прачки та прасувальники","cat_913"
"cat_914","914","Доглядачі будинків та мийники вікон","cat_91"
"cat_9141","9141","Доглядачі будинків","cat_914"
"cat_9142","9142","Мийники транспортних засобів та вікон","cat_914"
"cat_915","915","Посильні, носії та швейцари","cat_91"
"cat_9151","9151","Посильні, носії та рознощики багажу і посилок","cat_915"
"cat_9152","9152","Швейцари та сторожі","cat_915"
"cat_9153","9153","Інкасатори торговельних автоматів, робітники, що знімають показання з лічильників, та подібні до них працівники","cat_915"
"cat_916","916","Збирачі сміття та подібні до них чорнороби","cat_91"
"cat_9161","9161","Збирачі сміття","cat_916"
"cat_9162","9162","Двірники та подібні до них чорнороби","cat_916"
"cat_92","92","Найпростіші професії в сільському господарстві та подібних галузях","cat_9"
"cat_921","921","Найпростіші професії в сільському господарстві, рибальстві та подібних галузях","cat_92"
"cat_9211","9211","Найпростіші професії в сільському господарстві","cat_921"
"cat_9212","9212","Найпростіші професії в лісовому господарстві","cat_921"
"cat_9213","9213","Найпростіші професії у рибальстві, мисливстві та в установленні капканів на звіра","cat_921"
"cat_93","93","Найпростіші професії у видобувних галузях, будівництві, промисловості та на транспорті","cat_9"
"cat_931","931","Найпростіші професії у видобувних галузях та будівництві","cat_93"
"cat_9311","9311","Найпростіші професії в шахтах і кар'єрах","cat_931"
"cat_9312","9312","Найпростіші професії в будівництві та на ремонті шляхів, гребель та подібних споруд","cat_931"
"cat_9313","9313","Найпростіші професії в житловому будівництві","cat_931"
"cat_932","932","Найпростіші професії в промисловості","cat_93"
"cat_9321","9321","Найпростіші професії в промисловості (складальні роботи)","cat_932"
"cat_9322","9322","Найпростіші професії в промисловості (інші, крім складальних, ручні роботи)","cat_932"
"cat_933","933","Вантажники та інші найпростіші професії на транспорті","cat_93"
"cat_9332","9332","Робітники з управління транспортними засобами на тяговій силі та інші некваліфіковані робітники, зайняті на транспорті","cat_933"
"cat_9333","9333","Вантажники","cat_933"
"cat_94","94","Найпростіші професії, що є загальними для всіх галузей економіки","cat_9"
"cat_941","941","Комірники та вагарі","cat_94"
"cat_9411","9411","Комірники та вагарі","cat_941"
"cat_3223","3223","Дієтологи та нутриціологи","cat_322"
"cat_5164","5164","Працівники сфери захисту, що не наведені в інших класах","cat_516"
